{"File":{"Name":"06-09T17:11:11_25fa_W034","Serial":"9929c31d-09d4e7b5","MAC":"d0:ba:25:c0:25:fa","PhysicalID":"W034"}}
{"Record":{"State":"START_RECORD","DateTime":"Mon Jun 9 2025 13:11:11 GMT-0400","UNIXTimeStamp":"2025-06-09T17:11:11.616Z","BatteryLife":96,"FreeStorage":2733528,"SamplesWritten":0}}
A103,-73,-795,-603,1000,10
A150,-70,-803,-584,996,20
A230,-65,-800,-580,990,8
A310,-68,-804,-586,997,8
A390,-73,-817,-581,1005,15
A470,-71,-819,-575,1003,6
A550,-69,-812,-577,999,7
A630,-67,-816,-583,1005,7
A710,-62,-817,-588,1008,7
A790,-66,-812,-592,1007,8
A870,-68,-810,-589,1004,4
A950,-73,-810,-585,1002,6
A1030,-58,-658,-529,847,163
A1110,-8,-570,-479,745,113
A1190,-17,-686,-532,868,128
A1270,-76,-751,-550,934,90
A1350,-99,-783,-518,944,51
A1430,-87,-805,-526,966,26
A1510,-70,-811,-554,985,33
A1591,-68,-820,-572,1002,20
A1671,-67,-830,-574,1011,10
A1752,-69,-829,-573,1010,2
A1834,-71,-826,-577,1010,5
A1910,-67,-822,-572,1004,7
A1990,-64,-815,-570,997,8
A2075,-61,-814,-569,995,3
A2150,-59,-814,-559,989,10
A2230,-63,-815,-563,993,6
A2310,-71,-814,-574,999,14
A2390,-72,-810,-583,1000,9
A2470,-65,-813,-584,1003,8
A2550,-65,-812,-586,1003,2
A2630,-69,-808,-592,1004,8
A2710,-67,-811,-598,1010,7
A2791,-68,-811,-593,1007,5
A2870,-69,-813,-588,1006,5
A2950,-65,-818,-590,1011,7
A3030,-62,-814,-584,1004,8
A3110,-65,-809,-572,993,12
A3190,-62,-808,-562,986,11
A3270,-59,-810,-567,991,7
A3350,-61,-811,-572,994,5
A3431,-66,-808,-568,990,7
A3591,-65,-805,-568,987,5
A3673,-69,-807,-582,997,14
A3755,-69,-804,-578,992,5
A3829,-65,-799,-570,983,10
A3914,-62,-799,-576,987,7
A3989,-60,-800,-578,989,3
A4069,-69,-804,-570,988,12
A4149,-76,-806,-562,986,11
A4229,-72,-807,-563,986,4
A4309,-65,-805,-566,986,8
A4389,-66,-803,-571,987,6
A4469,-63,-800,-583,992,12
A4549,-65,-809,-621,1022,39
A4629,-60,-812,-649,1041,29
A4709,-55,-691,-486,847,203
A4789,-62,-622,-330,706,171
A4869,-62,-704,-434,829,133
A4949,-63,-761,-550,941,129
A5029,-70,-784,-568,971,31
A5109,-77,-795,-576,985,15
A5189,-73,-801,-588,996,13
A5270,-70,-798,-592,996,6
A5431,-60,-797,-585,990,7
A5513,-60,-803,-581,993,7
A5594,-65,-813,-582,1002,11
A5669,-68,-819,-581,1006,7
A5754,-67,-818,-575,1002,6
A5829,-66,-813,-572,996,6
A5909,-70,-811,-578,998,8
A5989,-69,-809,-589,1002,11
A6069,-63,-807,-591,1002,7
A6149,-64,-806,-582,996,9
A6229,-66,-810,-579,998,6
A6310,-61,-814,-590,1007,12
A6389,-65,-811,-589,1004,5
A6469,-72,-808,-589,1002,8
A6549,-72,-800,-605,1006,18
A6709,-73,-795,-611,1005,7
A6869,-78,-806,-592,1003,22
A6949,-72,-798,-589,994,10
A7029,-74,-798,-584,992,5
A7110,-70,-803,-583,995,6
A7191,-67,-805,-582,996,4
A7270,-73,-805,-574,991,10
A7352,-76,-805,-580,995,7
A7434,-80,-809,-589,1004,11
A7509,-77,-811,-589,1005,4
A7595,-68,-812,-582,1001,11
A7669,-68,-811,-582,1001,1
A7749,-66,-808,-584,999,4
A7829,-62,-806,-582,996,5
A7909,-60,-807,-584,998,3
A7989,-27,-735,-527,905,98
A8069,-48,-720,-462,857,69
A8149,-102,-761,-486,909,71
A8229,-66,-706,-511,874,70
A8309,-39,-707,-525,881,30
A8389,-51,-758,-551,939,59
A8469,-56,-781,-571,969,31
A8549,-57,-795,-581,986,17
A8629,-59,-806,-591,1001,15
A8709,-62,-813,-594,1009,8
A8789,-62,-813,-598,1011,4
A8869,-64,-812,-602,1013,4
A8949,-67,-812,-602,1013,2
A9110,-77,-805,-599,1006,9
A9192,-73,-806,-591,1002,9
A9274,-70,-808,-587,1002,6
A9349,-67,-807,-591,1003,4
A9434,-69,-808,-595,1006,5
A9509,-72,-806,-594,1004,3
A9589,-67,-806,-596,1004,5
A9669,-65,-805,-593,1002,4
A9749,-62,-803,-589,998,6
A9828,-57,-807,-592,1002,7
A9908,-62,-808,-590,1002,5
A9990,-61,-805,-592,1001,4
A10068,-61,-800,-598,1001,8
A10148,-64,-793,-599,996,7
A10228,-67,-792,-595,993,5
A10308,-73,-796,-583,989,14
A10388,-72,-796,-579,987,4
A10468,-63,-802,-586,995,12
10539,610,69,2398,8960
A10548,-55,-806,-587,998,8
10580,610,69,2382,3840
10621,610,69,2382,3584
A10629,-53,-798,-581,988,10
10662,610,69,2350,-4864
10703,610,69,2334,-8192
A10710,-59,-790,-585,985,10
10744,610,69,2326,-9216
10784,610,69,2286,-18176
A10792,-66,-791,-586,987,7
10825,610,69,2262,-22016
10870,610,69,2238,-25344
A10875,-63,-796,-583,989,7
10907,610,69,2222,-26112
A10949,-63,-797,-592,994,9
10956,610,69,2198,-28928
A11031,-71,-813,-609,1019,26
11037,610,69,2174,-27136
A11113,-110,-877,-654,1099,87
11119,610,69,1878,-32768
A11188,-154,-815,-705,1089,91
11234,610,69,1242,-32768
A11274,-197,-677,-730,1015,147
11280,610,69,1014,-32768
11317,610,69,598,-32768
A11348,-213,-539,-536,790,239
11360,610,69,662,-32768
11397,610,69,726,-32768
A11428,-314,-528,-548,823,102
11440,610,69,562,-32768
11480,610,69,666,-32768
A11508,-360,-543,-639,913,103
11520,610,69,842,-32768
11561,610,87,946,-32768
A11588,-285,-527,-663,894,80
11602,610,87,986,-32768
11643,610,87,970,-32768
A11668,-329,-634,-897,1146,261
11684,610,87,986,-32768
11725,610,87,906,-32768
A11748,-319,-609,-955,1177,64
11766,610,87,794,-32768
11806,610,87,662,-32768
A11828,-241,-494,-924,1075,143
11847,610,87,518,-32768
11888,610,87,432,-32768
A11908,-208,-432,-912,1031,70
11929,610,87,378,-32768
11970,610,87,266,-32768
A11988,-190,-407,-901,1007,34
12052,610,87,90,-32768
A12068,-182,-382,-900,994,26
12093,610,87,106,-32768
12133,610,87,154,-32768
A12148,-176,-411,-910,1014,32
12174,610,87,198,-32768
12215,610,87,258,-32768
A12228,-155,-458,-908,1029,51
12256,610,87,306,-32768
12297,610,87,352,-24064
A12308,-133,-446,-900,1013,26
12338,610,87,394,-10240
12379,610,87,466,9472
A12388,-135,-424,-911,1014,25
12419,610,87,534,25856
12461,610,87,614,32767
A12468,-149,-420,-911,1014,15
12501,610,91,690,32767
12542,610,91,722,32767
A12550,-160,-417,-897,1002,18
12583,610,91,730,32767
12624,610,91,698,32767
A12632,-165,-428,-901,1011,13
12665,610,91,674,27648
12708,610,91,682,26368
A12713,-166,-428,-908,1017,7
12746,610,91,710,30464
A12789,-168,-412,-888,993,25
12795,610,91,686,20736
A12872,-173,-421,-882,993,11
12878,610,91,590,-7424
A12953,-177,-424,-888,1000,8
12959,610,91,718,25344
A13028,-160,-437,-880,995,22
13074,610,91,750,27392
A13114,-146,-436,-886,998,14
13120,610,91,846,32767
A13188,-163,-417,-892,999,26
13200,610,91,958,32767
13237,610,91,1006,32767
A13268,-181,-422,-891,1003,19
13280,610,91,1070,32767
13319,610,91,1158,32767
A13348,-178,-423,-894,1005,4
13360,610,91,1246,32767
13401,610,91,1326,32767
A13428,-166,-419,-891,999,14
13442,610,90,1390,32767
13482,610,90,1454,32767
A13508,-160,-422,-894,1001,7
13523,610,90,1518,32767
13564,610,90,1550,32767
A13588,-160,-430,-905,1014,14
13605,610,90,1606,32767
13646,610,90,1662,32767
A13668,-165,-450,-893,1013,23
13687,610,90,1734,32767
13728,610,90,1774,32767
A13748,-170,-476,-872,1008,34
13768,610,90,1830,32767
13810,610,90,1838,32767
A13828,-176,-500,-881,1028,27
13850,610,90,1886,32767
13891,610,90,1950,32767
A13908,-158,-530,-1019,1160,143
13932,610,90,2014,32767
13973,610,90,2094,32767
A13988,-126,-512,-1175,1288,160
14014,610,90,2238,32767
14055,610,90,2350,32767
A14068,-174,-453,-1023,1132,170
14095,610,90,2494,32767
14137,610,90,2718,32767
A14148,-298,-384,-563,744,482
14177,610,90,2862,32767
14218,610,90,2974,32767
A14228,-427,-283,-97,521,494
14259,610,90,3054,32767
14300,610,90,3206,32767
A14308,-509,-249,335,658,441
14341,580,86,3430,32767
14382,580,86,3662,32767
A14389,-501,-364,827,1033,505
14422,580,86,3878,32767
14464,580,86,4110,32767
A14471,-458,-507,1132,1322,339
14504,580,86,4358,32767
14548,580,86,4558,32767
A14553,-438,-534,1007,1221,129
14586,580,86,4718,32767
14628,580,86,4718,32767
14668,580,86,4718,32767
A14711,-385,-208,228,494,846
14717,580,86,4830,32767
A14792,-364,59,-294,471,587
14798,580,86,5006,32767
14913,580,86,5006,32767
A14948,-294,267,-999,1075,739
14995,580,86,5102,32767
A15028,-213,476,-1387,1482,448
15040,580,86,5382,32767
15077,580,86,5662,32767
A15108,-181,488,-1222,1328,168
15120,580,86,5502,32767
15159,580,86,5542,32767
A15188,-248,187,-749,811,565
15200,580,86,5726,32767
15240,580,86,5966,32767
A15268,-385,-142,-261,487,605
15281,580,86,6238,32767
15322,580,86,6494,32767
A15348,-416,-329,366,645,655
15363,580,86,6702,32767
15404,580,16,6862,32767
A15428,-396,-462,1071,1232,718
15446,580,16,7006,32767
15486,580,16,6942,32767
A15508,-396,-496,1242,1395,174
15526,580,16,6878,32767
15568,580,16,6558,32767
A15588,-352,-455,815,997,431
15608,580,16,6238,13824
15649,580,16,6158,-8192
A15668,-295,-183,229,416,648
15690,580,16,6350,32767
15731,580,16,6238,8192
A15747,-260,176,-346,467,678
15772,580,16,6174,-9216
15812,580,16,6238,8448
A15827,-133,365,-727,824,444
15853,580,16,6158,-13056
15894,580,16,5966,-32768
A15907,-30,577,-1127,1266,464
15935,580,16,5806,-32768
15976,580,16,5726,-32768
A15987,-63,703,-1422,1587,322
16017,580,16,5854,-32768
16058,580,16,6094,11776
A16067,-89,617,-1184,1338,254
16099,580,16,6334,32767
16139,580,16,6142,13824
A16147,-152,406,-720,840,514
16181,580,16,6014,-20480
16221,580,70,5982,-26112
A16229,-325,116,-243,422,584
16262,580,70,6030,-10496
16303,580,70,6174,27904
A16311,-478,-200,289,593,637
16344,580,70,6286,32767
16388,580,70,6302,32767
A16393,-477,-456,838,1067,606
16426,580,70,6334,32767
16469,580,70,6350,32767
16508,580,70,6350,32767
A16550,-430,-583,1078,1299,100
16556,580,70,6302,26624
A16632,-385,-467,670,903,427
16638,580,70,5886,-32768
A16708,-344,-254,305,526,424
16753,580,70,5886,-32768
A16787,-388,45,-166,424,560
16835,580,70,5822,-32768
A16872,-306,378,-904,1027,814
16880,580,70,5566,-32768
16916,580,70,5374,-32768
A16947,-145,568,-1380,1500,538
16960,580,70,5246,-32768
16998,580,70,5302,-32768
A17027,-131,598,-1307,1443,81
17039,580,70,5454,-32768
17080,580,70,5630,-23296
A17107,-162,502,-964,1098,357
17121,580,70,5870,32767
17161,580,70,5662,-17152
A17187,-253,219,-516,615,537
17203,600,70,5486,-32768
17243,600,70,5374,-32768
A17267,-388,-58,-59,397,551
17284,600,70,5438,-32768
17325,600,70,5558,-16640
A17347,-471,-274,392,671,507
17366,600,70,5718,26624
17407,600,70,5822,32767
A17427,-455,-469,855,1076,502
17448,600,70,5886,32767
17488,600,70,5934,32767
A17507,-463,-574,1142,1360,306
17530,600,70,5966,32767
17570,600,70,6014,32767
A17587,-474,-575,1035,1275,107
17611,600,70,5982,32767
17652,600,70,5886,21760
A17667,-445,-495,640,924,404
17693,600,70,5870,15104
17734,600,70,5726,-23552
A17747,-387,-296,178,518,507
17775,600,70,5622,-32768
17815,600,70,5630,-32768
A17827,-230,120,-478,544,792
17857,600,70,5750,-3328
17897,600,70,5726,-8960
A17907,-48,486,-1142,1242,780
17938,600,70,5550,-32768
17979,600,70,5406,-32768
A17987,-3,634,-1515,1642,403
18020,600,70,5334,-32768
18061,600,70,5358,-32768
A18069,-55,654,-1497,1635,59
18102,620,70,5438,-32768
18142,620,70,5502,-21504
A18150,-127,515,-1132,1250,398
18183,620,70,5526,-12544
18227,620,70,5374,-32768
A18232,-240,261,-656,746,551
18265,620,70,5182,-32768
18309,620,70,5166,-32768
18347,620,70,5166,-32768
A18389,-533,-257,222,632,524
18396,620,70,5246,-32768
A18471,-527,-489,686,994,519
18477,620,70,5566,32767
A18553,-489,-634,1018,1295,364
18559,620,70,5886,32767
A18627,-497,-656,1016,1307,24
18674,620,70,5950,32767
A18712,-435,-537,699,983,344
18719,620,70,5758,32767
18756,620,70,5550,-20992
A18787,-401,-326,311,603,443
18799,620,70,5486,-32768
18838,620,70,5438,-32768
A18867,-383,12,-180,423,596
18879,620,70,5306,-32768
18919,620,70,5198,-32768
A18947,-245,469,-934,1074,893
18960,620,70,5110,-32768
19001,620,70,4894,-32768
A19027,-37,724,-1398,1575,568
19042,620,0,4762,-32768
19082,620,0,4686,-32768
A19107,-11,743,-1219,1428,182
19123,620,0,4718,-32768
19164,620,0,4798,-32768
A19187,-156,609,-863,1068,407
19205,620,0,4894,-32768
19246,620,0,4894,-32768
A19268,-338,323,-551,722,461
19287,620,0,4734,-32768
19328,620,0,4686,-32768
A19347,-509,67,-213,555,457
19368,620,0,4734,-32768
19409,620,0,4790,-32768
A19427,-570,-224,248,660,548
19450,620,0,4990,15616
19491,620,0,5278,32767
A19507,-508,-528,708,1019,554
19532,620,0,5486,32767
19573,620,0,5630,32767
A19587,-471,-684,1034,1326,363
19614,620,0,5758,32767
19655,620,0,5758,32767
A19667,-464,-660,1048,1323,29
19695,620,0,5726,32767
19736,620,0,5694,32767
A19747,-412,-506,694,953,389
19777,620,0,5630,32767
19818,620,0,5582,32767
A19827,-344,-255,248,495,517
19859,620,0,5630,32767
19900,620,0,5582,32767
A19908,-271,134,-233,382,622
19941,620,0,5526,16128
19982,620,0,5342,-32768
A19990,-123,509,-1048,1171,909
20023,620,0,5102,-32768
20066,620,0,4862,-32768
A20071,0,631,-1587,1708,567
20104,620,0,4750,-32768
20148,620,0,4670,-32768
20186,620,0,4654,-32768
A20229,-128,403,-989,1076,442
20235,620,0,4782,-32768
A20310,-257,219,-525,624,515
20316,620,0,5166,25344
A20392,-446,-84,-93,463,561
20398,620,0,5310,32767
A20467,-548,-378,388,771,573
20513,620,0,5718,32767
A20553,-548,-628,862,1199,535
20559,620,0,5790,32767
20595,620,0,5846,32767
A20627,-533,-724,964,1318,141
20639,620,0,5870,32767
20677,620,0,5886,32767
A20707,-464,-625,682,1035,306
20719,620,0,5758,32767
20758,620,0,5630,28160
A20787,-295,-286,229,470,591
20799,620,0,5550,4352
20840,620,0,5182,-32768
A20868,-156,111,-298,354,674
20881,620,0,4926,-32768
20922,620,0,4734,-32768
A20947,-120,292,-777,839,513
20963,620,0,4782,-32768
21003,620,0,4886,-32768
A21027,10,522,-1298,1399,584
21044,620,0,4798,-32768
21085,620,0,4734,-32768
A21107,84,741,-1530,1702,327
21126,620,0,4862,-32768
21167,620,0,5038,-10240
A21187,32,762,-1272,1483,264
21208,620,0,5054,-4864
21249,620,0,4942,-32768
A21267,-48,626,-842,1051,458
21290,620,0,4782,-32768
21330,620,0,4718,-32768
A21347,-224,289,-363,515,613
21371,620,0,4730,-32768
21412,620,0,4718,-32768
A21427,-414,-116,87,439,635
21453,620,0,4694,-32768
21494,620,0,4766,-32256
A21507,-482,-472,581,890,612
21535,620,0,4830,-11776
21576,620,0,4894,6144
21616,620,0,4910,9472
21657,620,0,4862,-3840
A21667,-504,-674,1000,1307,466
21698,620,0,4778,-24832
21739,620,0,4574,-32768
21780,620,0,4334,-32768
21821,620,0,4158,-32768
A21829,-452,-504,643,933,399
21862,620,0,4014,-32768
21903,620,0,3742,-32768
A21911,-374,-267,233,516,479
21944,620,0,3742,-32768
21987,620,0,3838,-32768
A21992,-300,-47,-141,335,440
22025,620,0,4158,-32768
A22068,-187,236,-560,636,518
22074,620,0,4254,-13568
A22150,-85,663,-1010,1211,628
22156,620,0,4090,-32768
A22231,-69,866,-1174,1460,261
22238,620,0,4094,-32768
A22306,-84,779,-998,1268,197
22352,620,0,3734,-32768
A22387,-179,505,-643,837,458
22434,620,0,3582,-32768
A22466,-317,164,-233,426,551
22479,620,0,3518,-32768
22516,620,0,3510,-32768
A22546,-440,-185,216,524,582
22559,620,0,3566,-32768
22598,620,0,3614,-32768
A22627,-503,-553,682,1012,597
22639,620,0,3614,-32768
22679,620,0,3614,-32768
A22706,-524,-747,991,1347,365
22720,620,0,3606,-32768
22761,620,0,3574,-32768
A22786,-547,-802,957,1363,68
22802,620,0,3510,-32768
22843,620,0,3358,-32768
A22866,-473,-648,635,1023,364
22884,620,0,3214,-32768
22925,620,0,3070,-32768
A22946,-322,-320,333,562,471
22965,620,0,2922,-32768
23006,620,0,2922,-32768
A23026,-217,47,-239,326,687
23047,620,0,3102,-32768
23088,620,0,3182,-32768
A23106,-63,525,-1113,1232,1008
23129,620,0,3130,-32768
23170,620,0,3114,-32768
A23187,54,742,-1469,1646,432
23211,620,0,3118,-32768
23251,620,0,3150,-29440
A23266,-19,693,-1295,1469,195
23292,620,0,3070,-32768
23333,620,0,2878,-32768
A23346,-129,620,-987,1173,334
23374,620,0,2782,-32768
23415,620,0,2702,-32768
A23426,-247,397,-604,764,459
23456,620,0,2654,-32768
23497,620,0,2598,-32768
A23506,-367,115,-224,446,488
23538,620,0,2634,-32768
23578,620,0,2862,-16896
A23586,-454,-229,251,567,593
23620,620,0,3114,32767
23660,620,0,3278,32767
A23668,-490,-604,780,1101,650
23701,620,0,3326,32767
23745,620,0,3326,32767
A23750,-493,-779,1051,1398,322
23783,620,0,3286,32767
23826,620,0,3158,17408
A23832,-476,-720,891,1240,171
23865,620,0,3006,-23552
23908,620,0,2942,-32768
23946,620,0,2846,-32768
A23989,-445,-209,80,498,542
23995,620,0,2814,-32768
A24071,-409,97,-383,568,556
24077,620,0,2846,-32768
A24146,-219,339,-863,953,571
24192,620,0,2686,-32768
A24226,-63,409,-1224,1292,399
24273,620,0,2526,-32768
A24311,-10,387,-1359,1413,147
24319,620,0,2558,-32768
24355,620,0,2646,-32768
A24386,-39,413,-1229,1297,136
24399,620,0,2718,-22784
24437,620,0,2814,4864
A24466,-139,309,-778,849,473
24478,620,0,2894,24832
24519,620,0,2862,13568
A24546,-319,91,-308,453,549
24560,620,0,2894,20224
24601,620,0,2942,30208
A24626,-492,-133,94,518,491
24641,620,0,3050,32767
24682,620,0,3182,32767
A24706,-573,-406,496,860,493
24723,740,79,3294,32767
24764,740,79,3358,32767
A24786,-594,-681,815,1217,422
24805,740,79,3390,32767
24846,740,79,3390,32767
A24866,-580,-774,878,1307,113
24886,740,79,3382,32767
24927,740,79,3310,32767
A24946,-516,-649,643,1049,274
24968,740,79,3182,8448
25009,740,79,3054,-25344
A25026,-444,-389,211,627,509
25050,740,79,2998,-32768
25091,740,79,2966,-32768
A25106,-398,-102,-236,474,533
25131,740,79,2846,-32768
25172,740,79,2774,-32768
A25186,-275,80,-599,664,424
25213,740,79,2782,-32768
25254,740,79,2858,-32768
A25266,-122,231,-980,1014,437
25295,740,79,2862,-30976
25336,740,79,2926,-10496
A25346,-57,370,-1387,1436,434
25377,740,79,2990,7424
25418,740,79,3062,25088
A25426,-16,491,-1444,1525,141
25458,740,79,2990,3584
25499,740,79,2878,-25344
A25507,-45,530,-1067,1193,380
25540,740,79,2806,-32768
25581,740,79,2814,-32768
A25589,-194,339,-562,685,560
25622,740,79,2830,-24832
25665,740,79,2966,13312
A25671,-359,87,-134,393,524
25704,850,41,3070,32767
25747,850,41,3222,32767
25785,850,41,3294,32767
A25828,-523,-569,867,1161,652
25834,850,41,3366,32767
A25910,-549,-693,1114,1422,278
25916,850,41,3390,32767
A25992,-502,-595,875,1171,262
25998,850,41,3366,32767
A26066,-420,-353,368,660,568
26113,850,41,2942,-32768
A26150,-270,29,-211,343,710
26158,850,41,2814,-32768
26195,850,41,2846,-32768
A26226,-91,238,-631,680,502
26238,850,41,2942,-32768
26276,850,41,2966,-26112
A26306,-2,422,-1001,1086,423
26318,850,41,2934,-30976
26358,850,41,2894,-32768
A26386,-59,681,-1351,1514,439
26398,850,41,2870,-32768
26440,850,41,2910,-23296
A26466,-107,803,-1295,1528,142
26480,850,41,2964,-6400
26521,850,41,2974,-2816
A26546,-139,731,-950,1207,354
26562,850,41,2934,-12544
26603,850,41,2798,-32768
A26626,-266,418,-585,766,497
26644,920,83,2686,-32768
26685,920,83,2654,-32768
A26706,-411,106,-207,472,511
26725,920,83,2686,-32768
26767,920,83,2782,-19968
A26786,-567,-178,207,629,525
26807,920,83,2890,10240
26848,920,83,2974,30464
A26866,-650,-471,628,1019,520
26889,920,83,2990,30976
26930,920,83,2998,29184
A26946,-681,-607,822,1229,240
26971,920,83,2894,-1024
27012,920,83,2734,-32768
A27026,-678,-540,687,1106,151
27052,920,83,2622,-32768
27093,920,83,2558,-32768
A27106,-620,-343,313,775,426
27134,920,83,2430,-32768
27175,920,83,2430,-32768
A27186,-535,-114,-81,553,464
27216,920,83,2474,-32768
27257,920,83,2430,-32768
A27266,-467,8,-375,599,325
27298,920,83,2558,-24576
27339,920,83,2522,-30720
A27347,-337,211,-809,902,497
27379,920,83,2478,-32768
27420,920,83,2410,-32768
A27428,-189,489,-1260,1365,550
27461,920,83,2398,-32768
27505,920,83,2422,-32768
A27510,-138,612,-1370,1507,172
27543,920,83,2474,-17152
27586,920,83,2518,-3584
27625,970,80,2558,7168
A27667,-222,461,-800,950,414
27674,970,80,2494,-9984
A27749,-370,160,-344,530,566
27755,970,80,2350,-32768
A27831,-495,-147,113,528,564
27837,970,80,2486,3840
A27906,-598,-436,580,940,558
27952,970,80,2726,32767
A27992,-659,-635,849,1248,340
27998,970,80,2774,32767
28033,970,80,2814,32767
A28065,-622,-607,734,1137,124
28078,970,80,2862,32767
28115,970,80,2830,32767
A28146,-528,-419,358,763,430
28158,970,80,2766,31744
28197,970,80,2590,-17152
A28225,-454,-190,18,493,416
28238,970,80,2516,-32768
28279,970,80,2446,-32768
A28305,-416,22,-336,535,414
28319,970,80,2446,-32768
28361,970,80,2494,-23552
A28386,-292,286,-756,859,512
28401,970,80,2510,-16384
28442,970,80,2522,-11264
A28465,-167,530,-1099,1231,438
28483,970,80,2510,-12800
28524,970,80,2486,-17152
A28545,-118,615,-1263,1409,191
28565,1010,66,2518,-6656
28606,1010,66,2542,512
A28626,-116,632,-1152,1319,112
28647,1010,66,2558,4608
28688,1010,66,2574,8192
A28705,-219,468,-852,996,357
28728,1010,66,2550,1024
28769,1010,66,2430,-29696
A28785,-405,135,-468,634,541
28810,1010,66,2538,1792
28851,1010,66,2598,17152
A28866,-598,-161,-47,621,549
28892,1010,66,2702,32767
28933,1010,66,2814,32767
A28945,-714,-445,355,914,506
28973,1010,66,2922,32767
29014,1010,66,2990,32767
A29025,-767,-610,568,1133,274
29055,1010,66,3070,32767
29096,1010,66,3118,32767
A29105,-731,-561,497,1047,93
29137,1010,66,3150,32767
29178,1010,66,3070,32767
A29186,-620,-357,215,747,365
29219,1010,66,2858,1792
29260,1010,66,2686,-32768
A29268,-493,-15,-203,534,555
29300,1010,66,2542,-32768
29341,1010,66,2526,-32768
A29350,-272,304,-689,800,622
29382,1010,66,2606,-32768
29424,1010,66,2750,2560
29464,1010,66,2838,24832
A29507,-15,641,-1076,1252,574
29513,1010,66,2638,-29440
29588,1040,71,2646,-20736
29627,1040,71,2686,-7680
A29670,-117,648,-1047,1237,106
29676,1040,71,2718,1536
29791,1040,71,2838,31744
A29825,-178,547,-824,1005,252
29873,1040,71,2814,21760
A29905,-261,243,-440,567,497
29918,1040,71,2906,32767
29954,1040,71,2974,32767
A29986,-423,-45,-5,426,546
29998,1040,71,2990,32767
30036,1040,71,2998,32767
A30065,-555,-405,428,809,578
30078,1040,71,2966,32767
30118,1040,71,2874,6400
A30145,-526,-824,618,1156,461
30159,1040,71,2870,4608
30200,1040,71,2842,-3072
A30225,-464,-1081,433,1254,323
30241,1040,71,2878,6656
30282,1040,71,2910,14080
A30305,-386,-972,219,1069,253
30322,1040,71,2958,24832
30363,1040,71,2942,17664
A30385,-330,-533,131,640,452
30404,1040,71,2934,13568
30445,1040,71,2974,22272
A30465,-307,-81,232,393,464
30487,1040,79,2910,3328
30527,1040,79,2794,-26624
A30545,-141,390,607,735,624
30568,1040,79,2702,-32768
30609,1040,79,2606,-32768
A30625,-66,885,893,1259,577
30649,1040,79,2542,-32768
30690,1040,79,2522,-32768
A30705,-155,1262,931,1576,389
30731,1040,79,2490,-32768
30772,1040,79,2462,-32768
A30785,-125,1409,885,1668,157
30813,1040,79,2382,-32768
30854,1040,79,2294,-32768
A30865,-77,1097,788,1353,330
30895,1040,79,2318,-32768
30936,1040,79,2358,-32768
A30945,-32,574,694,901,533
30976,1040,79,2398,-32768
31017,1040,79,2446,-20480
A31025,3,52,627,629,527
31058,1040,79,2590,18944
31099,1040,79,2622,24832
A31107,-155,-600,378,726,716
31140,1040,79,2702,32767
31181,1040,79,2670,28928
A31189,-373,-1105,69,1169,631
31222,1040,79,2602,7936
31265,1040,79,2494,-20480
A31271,-464,-1236,34,1320,162
31303,1040,79,2326,-32768
31347,1040,79,2174,-32768
31385,1040,79,2062,-32768
A31428,-316,-570,214,686,454
31434,1040,79,2006,-32768
A31510,-302,-5,341,456,578
31516,1040,86,2142,-32768
A31585,-334,491,547,807,538
31631,1040,86,2142,-32768
A31665,-328,839,655,1114,364
31712,1040,86,2070,-32768
A31750,-326,1204,654,1408,365
31758,1040,86,2046,-32768
31794,1040,86,1982,-32768
A31825,-351,1384,597,1547,190
31838,1040,86,1894,-32768
31876,1040,86,1790,-32768
A31905,-319,1113,507,1264,287
31917,1040,86,1822,-32768
31957,1040,86,1770,-32768
A31985,-276,608,501,835,507
31998,1040,86,1758,-32768
32039,1040,86,1750,-32768
A32065,-294,158,445,557,453
32080,1040,86,1830,-32768
32121,1040,86,1934,-3840
A32145,-358,-362,277,580,550
32162,1040,86,1982,8960
32203,1040,86,2014,16128
A32225,-424,-984,31,1072,672
32243,1040,86,2078,30720
32284,1040,86,2158,32767
A32305,-481,-1284,-137,1379,349
32325,1040,86,2230,32767
32366,1040,86,2262,32767
A32385,-475,-1175,-128,1274,110
32407,1040,86,2302,32767
32448,1040,89,2294,32767
A32465,-426,-861,-1,960,343
32489,1040,89,2238,32512
32530,1040,89,2174,12288
A32545,-388,-473,181,638,430
32570,1040,89,2102,-7680
32611,1040,89,2134,1536
A32625,-306,-106,357,482,416
32652,1040,89,2190,15872
32693,1040,89,2190,14080
A32705,-260,331,678,799,544
32734,1040,89,2230,22784
32775,1040,89,2174,5632
A32785,-300,815,956,1292,560
32816,1040,89,2126,-7168
32857,1040,89,2046,-26624
A32865,-328,1190,979,1575,377
32897,1040,89,2014,-31488
32938,1040,89,1966,-32768
A32946,-311,1266,894,1581,115
32979,1040,89,1918,-32768
33020,1040,89,1870,-32768
A33028,-219,944,713,1203,381
33061,1040,89,1974,-19968
33104,1040,89,2158,29696
A33110,-124,474,513,709,519
33143,1040,89,2366,32767
33186,1040,89,2478,32767
33224,1040,89,2430,32767
A33267,-209,-854,-236,910,964
33273,1040,89,2302,31744
A33349,-301,-1279,-543,1422,532
33355,1040,86,2598,32767
A33431,-367,-1131,-497,1289,168
33437,1040,86,2446,32767
A33505,-394,-1014,-390,1156,161
33552,1040,86,2318,-2816
A33589,-389,-741,-299,889,288
33597,1040,86,2238,-22784
33633,1040,86,2158,-32768
A33665,-344,-293,-37,454,520
33677,1040,86,2158,-32768
33715,1040,86,2166,-28416
A33745,-263,250,413,550,710
33758,1040,86,2142,-30976
33797,1040,86,2214,-8448
A33824,-255,687,765,1059,561
33837,1040,86,2222,-5120
33879,1040,86,2250,2816
A33905,-270,1024,947,1420,383
33919,1040,86,2282,10752
33960,1040,86,2286,10496
A33984,-298,1233,985,1606,214
34001,1040,86,2250,0
34042,1040,86,2190,-15360
A34064,-267,1115,828,1414,198
34083,1040,86,2126,-29696
34124,1040,86,2134,-23808
A34144,-208,691,599,938,486
34164,1040,86,2198,-4352
34205,1040,86,2222,2560
A34224,-207,200,407,499,527
34246,1040,86,2206,-1792
34287,1040,86,2238,6656
A34304,-260,-269,204,426,515
34328,1040,86,2270,14080
34370,1050,73,2302,20736
A34384,-382,-990,-27,1061,766
34410,1050,73,2462,32767
34451,1050,73,2558,32767
A34464,-502,-1441,-133,1532,479
34491,1050,73,2558,32767
34532,1050,73,2586,32767
A34544,-492,-1267,-118,1364,175
34573,1050,73,2614,32767
34614,1050,73,2634,32767
A34624,-437,-871,-52,976,405
34655,1050,73,2510,22784
34696,1050,73,2390,-10752
A34704,-397,-444,79,601,449
34737,1050,73,2390,-9216
34778,1050,73,2462,10496
A34786,-291,-7,307,423,504
34818,1050,73,2586,32767
34859,1050,73,2638,32767
A34868,-267,525,662,886,640
34900,1050,73,2766,32767
34944,1050,73,2846,32767
A34949,-378,1003,927,1417,557
34982,1050,73,2870,32767
35026,1050,73,2830,32767
35064,1050,73,2794,32767
A35106,-414,1085,797,1409,164
35113,1050,73,2734,24064
A35188,-378,798,618,1078,341
35195,1050,73,2622,-7168
A35271,-365,401,411,680,447
35277,1050,50,2622,-6400
A35344,-358,-55,182,405,510
35391,1050,50,2798,32767
A35430,-386,-760,0,853,729
35437,1050,50,2798,32767
35473,1050,50,2870,32767
A35504,-422,-1273,-86,1344,521
35517,1050,50,3030,32767
35554,1050,50,3194,32767
A35584,-447,-1296,-114,1376,44
35597,1050,50,3318,32767
35636,1050,50,3478,32767
A35664,-405,-1032,-69,1111,271
35677,1050,50,3582,32767
35718,1050,50,3510,32767
A35744,-331,-604,51,691,450
35759,1050,50,3374,32767
35800,1050,50,3354,32767
A35824,-239,-42,272,364,611
35840,1050,50,3422,32767
35881,1050,50,3370,32767
A35904,-192,521,486,738,605
35922,1050,50,3326,31232
35963,1050,50,3310,23296
A35984,-253,924,705,1189,462
36004,1050,50,3294,16384
36045,1050,50,3294,14336
A36064,-324,1242,880,1556,370
36086,1050,50,3262,4352
36127,1050,50,3230,-4352
A36144,-323,1300,856,1590,64
36167,1050,50,3182,-15872
36208,1050,39,3114,-31232
A36224,-287,1086,719,1334,257
36249,1050,39,3050,-32768
36290,1050,39,3006,-32768
A36304,-281,708,534,930,421
36331,1050,39,3126,-12288
36372,1050,39,3286,30208
A36384,-259,242,331,485,508
36413,1050,39,3454,32767
36453,1050,39,3702,32767
A36464,-252,-315,118,421,597
36535,1050,39,4062,32767
A36544,-354,-1053,-63,1113,766
36576,1050,39,4214,32767
36617,1050,39,4350,32767
A36625,-483,-1431,-157,1519,411
36658,1050,39,4414,32767
36699,1050,39,4462,32767
A36707,-496,-1293,-177,1396,140
36739,1050,39,4502,32767
36783,1050,39,4510,32767
A36789,-454,-979,-125,1087,320
36822,1050,39,4310,32767
36865,1050,39,4222,32767
A36870,-414,-560,12,696,443
36903,1050,39,4190,32767
A36946,-390,-154,178,456,439
36952,1050,39,4206,32767
A37027,-365,363,425,668,573
37034,1050,39,4286,32767
A37109,-348,916,703,1205,619
37115,1050,39,4246,29696
37230,1050,39,4350,32767
A37264,-384,1111,802,1423,222
37312,1050,36,4414,32767
A37344,-428,1005,738,1318,132
37357,1050,36,4414,32767
37394,1050,36,4398,32767
A37424,-451,860,632,1159,180
37437,1050,36,4394,32767
37475,1050,36,4494,32767
A37504,-470,592,521,918,291
37517,1050,36,4606,32767
37557,1050,36,4766,32767
A37584,-432,237,373,618,386
37598,1050,36,4862,32767
37639,1050,36,4926,32767
A37664,-377,-278,194,507,548
37679,1050,36,5038,32767
37721,1050,36,5182,32767
A37744,-438,-971,23,1065,716
37761,1050,36,5206,32767
37802,1050,36,5118,32767
A37824,-544,-1325,-19,1433,372
37843,1050,36,5054,32767
37884,1050,36,5110,32767
A37904,-499,-1208,40,1307,139
37925,1050,36,5118,32767
37966,1050,36,5054,32767
A37984,-392,-848,94,939,379
38006,1050,36,4926,7424
38048,1050,54,5038,32767
A38064,-357,-422,214,592,444
38088,1050,54,5070,32767
38129,1050,54,4950,3584
A38144,-292,4,366,468,456
38170,1050,54,4790,-32768
38211,1050,54,4670,-32768
A38224,-244,525,552,800,556
38252,1050,54,4558,-32768
38293,1050,54,4462,-32768
A38304,-299,1065,725,1323,570
38333,1050,54,4382,-32768
38374,1050,54,4374,-32768
A38384,-329,1304,751,1541,243
38415,1050,54,4394,-32768
38456,1050,54,4414,-32768
A38465,-314,1193,697,1417,125
38497,1050,54,4398,-32768
38538,1050,54,4382,-32768
A38546,-304,911,607,1136,297
38579,1050,54,4462,-28160
38620,1050,54,4542,-4096
A38628,-305,560,446,778,386
38660,1050,54,4542,-3584
38704,1050,54,4510,-11264
A38709,-324,130,244,426,475
38742,1050,54,4446,-26112
38786,1050,54,4350,-32768
38824,1050,54,4478,-8448
A38864,-373,-969,-153,1049,544
38906,1050,54,4766,32767
A38948,-476,-1221,-147,1319,273
38954,1050,54,4790,32767
A39030,-465,-1130,27,1223,197
39036,1050,54,4886,32767
A39104,-345,-725,148,817,439
39151,1070,63,4918,32767
A39189,-271,-243,252,443,498
39196,1070,63,4798,25600
39233,1070,63,4606,-26624
A39264,-199,278,389,519,544
39276,1070,63,4590,-27392
39315,1070,63,4558,-32000
A39344,-218,824,586,1034,580
39356,1070,63,4446,-32768
39396,1070,63,4382,-32768
A39424,-266,1236,751,1470,446
39437,1070,63,4334,-32768
39478,1070,63,4286,-32768
A39504,-267,1331,781,1566,100
39519,1070,63,4206,-32768
39560,1070,63,4158,-32768
A39583,-262,1178,705,1398,170
39600,1070,63,4246,-32768
39641,1070,63,4334,-23552
A39663,-290,852,587,1074,348
39682,1070,63,4446,8192
39723,1070,63,4542,31744
A39743,-299,445,396,666,449
39764,1070,63,4670,32767
39805,1070,63,4670,32767
A39823,-312,-66,173,363,557
39846,1070,63,4630,32767
39886,1070,63,4542,9472
A39903,-399,-670,-1,779,635
39928,1090,81,4470,-9984
39968,1090,81,4446,-14848
A39983,-494,-1074,-89,1186,425
40009,1090,81,4446,-12800
40050,1090,81,4398,-23296
A40063,-542,-1210,-97,1329,144
40091,1090,81,4398,-20224
40132,1090,81,4462,-1280
A40143,-510,-1051,-44,1169,170
40173,1090,81,4494,7168
40214,1090,81,4446,-5888
A40223,-459,-665,21,808,395
40254,1090,81,4350,-29696
40295,1090,81,4430,-5376
A40303,-427,-259,131,516,422
40336,1090,81,4542,24064
40377,1090,81,4542,21248
A40385,-354,219,342,539,528
40418,1090,81,4538,17664
40459,1090,81,4574,24832
A40467,-267,771,532,974,590
40500,1090,81,4566,19712
40543,1090,81,4566,17408
A40549,-335,1272,738,1508,545
40581,1090,81,4494,-3072
40625,1090,81,4438,-16896
40663,1090,81,4398,-24832
A40706,-313,1186,662,1394,280
40712,1090,81,4382,-25600
A40787,-242,893,619,1113,305
40793,1090,81,4334,-30720
A40869,-247,482,536,762,419
40875,1090,81,4158,-32768
A40943,-374,-18,326,496,557
40990,1070,52,4158,-32768
A41030,-449,-500,119,683,530
41036,1070,52,4206,-28928
41072,1070,52,4214,-23040
A41103,-486,-935,-24,1054,459
41116,1070,52,4222,-17920
41154,1070,52,4222,-15616
A41183,-534,-1168,-56,1285,240
41196,1070,52,4222,-13568
41235,1070,52,4314,11776
A41263,-522,-1066,-17,1187,110
41276,1070,52,4382,27904
41317,1070,52,4398,28672
A41343,-471,-709,61,853,369
41358,1070,52,4350,12800
41399,1070,52,4318,3072
A41423,-438,-302,161,556,420
41440,1070,52,4334,6912
41480,1070,52,4438,32767
A41503,-350,122,292,472,452
41521,1070,52,4414,22528
41562,1070,52,4446,27904
A41583,-259,648,494,855,571
41603,1070,52,4478,32767
41644,1070,52,4478,28672
A41663,-272,1207,718,1430,603
41726,1070,52,4414,8704
A41743,-273,1459,776,1675,259
41767,1070,52,4374,-2560
41807,1070,52,4318,-16384
A41823,-242,1303,680,1489,186
41848,1070,52,4318,-14336
41890,1070,55,4334,-8448
A41903,-260,936,542,1112,392
41930,1070,55,4366,1024
41971,1070,55,4478,29696
A41983,-314,518,372,710,455
42012,1070,55,4638,32767
42053,1070,55,4782,32767
A42063,-365,69,258,452,465
42094,1070,55,4958,32767
42135,1070,55,5166,32767
A42143,-392,-419,170,599,497
42175,1070,55,5326,32767
42216,1070,55,5438,32767
A42224,-443,-995,65,1091,588
42257,1070,55,5550,32767
42298,1070,55,5630,32767
A42306,-494,-1341,-6,1429,357
42339,1070,55,5718,32767
42382,1070,55,5758,32767
A42388,-448,-1221,-12,1301,128
42420,1070,55,5758,32767
42464,1070,55,5758,32767
42502,1070,55,5758,32767
A42546,-336,-319,109,476,496
42552,1070,55,5718,32767
A42626,-251,181,240,391,524
42633,1070,55,5790,32767
A42708,-166,742,469,893,612
42714,1070,55,5726,32767
A42783,-237,1216,709,1428,537
42829,1070,46,6014,32767
A42863,-273,1447,751,1653,237
42911,1070,46,6230,32767
A42943,-250,1324,625,1486,177
42956,1070,46,6302,32767
42993,1070,46,6382,32767
A43024,-267,955,470,1097,401
43037,1070,46,6398,32767
43074,1070,46,6430,32767
A43103,-307,518,314,679,466
43116,1070,46,6510,32767
43156,1070,46,6558,32767
A43183,-361,45,181,406,495
43197,1070,46,6574,32767
43238,1070,46,6590,32767
A43263,-426,-445,76,621,505
43279,1070,46,6590,32767
43320,1070,46,6494,32767
A43343,-516,-956,-47,1088,533
43361,1070,46,6382,22528
43401,1070,46,6350,11520
A43423,-571,-1242,-138,1374,305
43442,1070,46,6334,6144
43483,1070,46,6238,-19200
A43503,-538,-1070,-88,1201,182
43524,1070,46,6190,-28928
43565,1070,46,6222,-16896
A43583,-536,-678,26,865,408
43606,1070,46,6262,-4352
43646,1070,46,6302,6656
A43663,-543,-279,141,626,416
43688,1090,69,6366,22272
43728,1090,69,6494,32767
A43743,-459,76,280,543,390
43769,1090,69,6702,32767
43810,1090,69,6766,32767
A43823,-374,495,465,775,466
43851,1090,69,6734,32767
43892,1090,69,6742,32767
A43903,-352,1014,669,1265,558
43933,1090,69,6766,32767
43973,1090,69,6750,32767
A43983,-353,1394,721,1609,384
44014,1090,69,6718,32767
44055,1090,69,6718,32767
A44063,-331,1341,595,1504,138
44096,1090,69,6782,32767
44137,1090,69,6750,32767
A44145,-309,942,456,1091,423
44178,1090,69,6718,22528
44219,1090,69,6710,17664
A44227,-329,445,350,655,509
44260,1090,69,6654,1280
44303,1090,69,6590,-15104
A44308,-415,-31,302,514,486
44341,1090,69,6510,-32768
44385,1090,69,6526,-25088
44423,1090,69,6574,-9472
A44466,-513,-982,87,1111,516
44472,1090,69,6654,12288
A44547,-539,-1250,2,1362,282
44553,1090,69,6894,32767
A44629,-541,-1096,4,1222,154
44635,1090,69,7006,32767
44709,1100,71,6974,32767
44750,1100,71,6942,32767
A44787,-545,-835,-2,997,261
44796,1100,71,6958,32767
44832,1100,71,7126,32767
A44864,-492,-359,62,612,483
44876,1100,71,7166,32767
44913,1100,71,7166,32767
A44943,-397,278,210,529,662
44956,1100,71,7214,32767
44996,1100,71,7262,32767
A45023,-329,744,342,882,488
45036,1100,71,7294,32767
45077,1100,71,7326,32767
A45103,-372,1248,552,1415,548
45118,1100,71,7326,32767
45159,1100,71,7230,30976
A45183,-394,1517,631,1690,281
45199,1100,71,7166,10752
45240,1100,71,7150,5376
A45263,-284,1271,517,1402,292
45281,1100,71,7166,8960
45322,1100,71,7166,7936
A45343,-259,810,380,931,482
45363,1100,71,7150,3072
45404,1100,71,7102,-9472
A45423,-313,312,255,510,516
45445,1100,71,7038,-24576
45486,1100,71,6942,-32768
A45503,-366,-211,125,440,541
45526,1100,71,6838,-32768
45567,1100,71,6718,-32768
A45582,-433,-669,11,797,476
45608,1100,71,6718,-32768
45649,1100,32,6718,-32768
A45662,-510,-1012,-80,1137,364
45690,1100,32,6742,-32768
45731,1100,32,6750,-32768
A45742,-528,-1232,-129,1346,226
45772,1100,32,6750,-32768
45813,1100,32,6782,-25856
A45822,-494,-1161,-94,1266,86
45854,1100,32,6782,-22528
45894,1100,32,6742,-29952
A45902,-479,-824,-18,953,346
45935,1100,32,6734,-28160
45976,1100,32,6622,-32768
A45984,-476,-438,52,649,393
46017,1100,32,6830,6656
46058,1100,32,6942,32767
A46066,-339,66,140,373,529
46098,1100,32,7102,32767
46142,1100,32,7294,32767
A46148,-143,610,255,677,590
46181,1100,32,7502,32767
46225,1100,32,7614,32767
46262,1100,32,7550,32767
A46305,-230,1576,571,1692,410
46311,1100,32,7486,32767
A46386,-188,1453,508,1551,144
46393,1100,32,7406,32767
A46468,-197,1028,387,1116,442
46474,1100,32,7142,-24576
A46542,-232,526,217,614,531
46589,1100,32,6478,-32768
A46627,-283,3,54,288,551
46635,1100,32,6226,-32768
46671,1100,54,5926,-32768
A46702,-382,-549,-105,677,583
46715,1100,54,5462,-32768
46753,1100,54,5250,-32768
A46782,-484,-1019,-316,1171,525
46795,1100,54,5126,-32768
46834,1100,54,4974,-32768
A46862,-541,-1210,-411,1388,221
46875,1100,54,4758,-32768
46916,1100,54,4658,-32768
A46942,-547,-997,-280,1171,250
46957,1100,54,4742,-32768
46998,1100,54,4854,-32768
A47022,-500,-642,-100,820,401
47039,1100,54,4918,-32768
47080,1100,54,4946,-32768
A47102,-435,-281,32,519,390
47120,1100,54,5006,-32768
47161,1100,54,5142,-32768
A47182,-302,149,217,401,487
47202,1100,54,5358,3328
47243,1100,54,5430,21504
A47262,-206,690,537,898,635
47284,1100,54,5414,14848
47325,1100,54,5170,-32768
A47342,-237,1264,760,1494,617
47365,1100,54,5046,-32768
47406,1100,54,4930,-32768
A47422,-229,1459,767,1664,195
47448,1100,54,4802,-32768
47488,1100,54,4630,-32768
A47502,-212,1219,701,1422,249
47529,1100,54,4418,-32768
47570,1100,20,4174,-32768
A47582,-252,870,589,1080,369
47611,1100,20,3926,-32768
47652,1100,20,3790,-32768
A47662,-293,487,456,729,407
47692,1100,20,3694,-32768
47733,1100,20,3622,-32768
A47742,-306,94,242,401,448
47774,1100,20,3558,-32768
47815,1100,20,3470,-32768
A47823,-287,-569,-32,638,717
47856,1100,20,3398,-32768
47897,1100,20,3318,-32768
A47905,-368,-1135,-235,1216,606
47938,1100,20,3186,-32768
47981,1100,20,3022,-32768
A47987,-542,-1170,-249,1313,178
48019,1100,20,3010,-32768
48063,1100,20,2902,-32768
48101,1100,20,2518,-32768
A48144,-579,-595,71,833,386
48150,1100,20,1962,-32768
A48227,-644,-297,80,714,305
48233,1100,20,798,-32768
A48307,-813,84,-114,825,460
48314,1100,20,926,-32768
A48382,-797,601,-418,1082,600
A48472,-586,-21,-525,788,665
48478,1100,20,894,-32768
A48547,-339,-831,-543,1049,847
48555,1100,20,838,-32768
48592,1100,20,1078,-32768
A48622,-256,-704,-550,930,152
48635,1110,29,1470,-32768
48674,1110,29,1686,14592
A48702,-205,-210,-666,728,511
48715,1110,29,1830,32767
48755,1110,29,1702,10752
A48782,-165,285,-772,840,507
48837,1110,29,2022,32767
A48862,-108,577,-541,798,377
48878,1110,29,2002,32767
48919,1110,29,2278,32767
A48942,9,87,-395,404,525
48959,1110,29,2322,32767
49000,1110,29,2366,32767
A49022,51,-650,-493,817,744
49041,1110,29,2342,32767
49082,1110,29,2470,32767
A49102,64,-669,-621,915,130
49124,1110,29,2726,32767
49164,1110,29,2662,32767
A49182,26,-357,-635,729,315
49205,1110,29,2662,32767
49246,1110,29,2758,32767
A49262,-62,184,-615,645,548
49286,1110,29,2774,32767
49327,1110,29,2950,32767
A49342,-56,638,-578,863,456
49371,1110,29,3110,32767
49409,1110,1,3558,32767
A49422,15,32,-435,436,627
49450,1110,1,3750,32767
49491,1110,1,4054,32767
A49502,67,-736,-476,879,770
49532,1110,1,4198,32767
49573,1110,1,4374,32767
A49582,86,-793,-611,1005,148
49613,1110,1,4562,32767
49654,1110,1,4582,32767
A49662,72,-704,-616,938,91
49695,1110,1,4510,32767
49736,1110,1,4718,32767
A49744,33,-131,-610,625,574
49777,1110,1,4734,32767
49818,1110,1,4590,32767
A49826,1,466,-599,759,598
49859,1110,1,4542,32767
49903,1110,1,4734,32767
49940,1110,1,4798,32767
49984,1110,1,4822,32767
50022,1110,1,4790,32767
A50065,41,-769,-607,981,421
50071,1110,1,4718,32767
A50146,4,-848,-683,1089,115
50153,1110,1,4830,32767
A50228,-43,-115,-475,491,763
50234,1110,1,4990,32767
A50302,-72,670,-304,739,804
50349,1110,1,5054,32767
A50386,-46,871,-449,981,250
50395,1110,1,4958,32767
50431,1110,11,4990,32767
A50462,-10,207,-401,452,667
50475,1110,11,5038,32767
50512,1110,11,5118,32767
A50542,67,-637,-457,787,850
50555,1110,11,5214,32767
50594,1110,11,5230,32767
A50622,130,-819,-590,1018,234
50635,1110,11,5182,32767
50676,1110,11,5262,32767
A50702,145,-870,-678,1112,102
50717,1110,11,5118,32000
50758,1110,11,4990,-4608
A50783,124,-153,-554,588,727
50799,1110,11,5150,32767
50839,1110,11,5182,32767
A50862,45,572,-448,728,737
50880,1110,11,5102,15360
50921,1110,11,5054,1280
A50942,69,643,-509,823,97
50962,1110,11,4990,-15104
51003,1110,11,5246,32767
A51022,124,-26,-469,486,673
51044,1110,11,5334,32767
51085,1110,11,5526,32767
A51102,108,-721,-615,954,710
51125,1110,11,5550,32767
51166,1110,11,5550,32767
A51182,92,-782,-781,1109,178
51207,1110,11,5630,32767
51248,1110,11,5614,32767
A51262,31,-564,-725,919,234
51289,1110,11,5486,32767
51330,1130,9,5566,32767
A51342,-24,-13,-687,688,555
51371,1130,9,5614,32767
51412,1130,9,5566,32767
A51422,-16,437,-729,850,452
51452,1130,9,5566,32767
51494,1130,9,5614,32767
A51502,8,521,-422,670,319
51535,1130,9,5726,32767
51575,1130,9,5690,32767
A51583,56,-57,-245,258,607
51616,1130,9,5742,32767
51657,1130,9,5758,32767
A51665,84,-689,-518,866,688
51698,1130,9,5726,32767
51741,1130,9,5726,32767
A51747,82,-875,-666,1102,238
51779,1130,9,5758,32767
51823,1130,9,5630,1024
51861,1130,9,5630,1024
A51904,-36,-152,-638,657,556
51910,1130,9,5758,32767
A51985,-72,321,-742,811,486
51991,1130,9,5758,24320
A52067,-66,505,-614,797,224
52073,1130,9,5854,32767
A52141,-8,-13,-527,527,528
52188,1130,9,6014,32767
A52228,23,-574,-624,848,571
52234,1130,9,6014,32767
52270,1130,9,6014,32767
A52302,33,-678,-676,958,117
52315,1130,9,5998,32767
52352,1130,7,5934,24064
A52381,29,-554,-656,859,126
52395,1130,7,5678,-32768
52433,1130,7,5614,-32768
A52461,-43,-77,-689,695,484
52474,1130,7,5566,-32768
52515,1130,7,5502,-32768
52556,1130,7,5454,-32768
52597,1130,7,5454,-32768
A52621,-116,318,-770,841,410
52638,1130,7,5598,-18688
52679,1130,7,5750,22784
52720,1130,7,5918,32767
52760,1130,7,5966,32767
A52781,-54,11,-599,602,357
52801,1130,7,5950,32767
52842,1130,7,5950,32767
A52861,46,-626,-658,909,647
52883,1130,7,6038,32767
52924,1130,7,5998,32767
A52941,59,-750,-691,1022,130
52965,1130,7,5854,4352
53006,1130,7,5742,-24832
A53021,65,-609,-691,924,141
53047,1130,7,5726,-25600
53087,1130,7,5630,-32768
A53101,44,-74,-713,718,537
53128,1130,7,5534,-32768
53170,1130,7,5406,-32768
A53181,-39,379,-724,819,461
53210,1130,7,5374,-32768
53251,1120,89,5422,-32768
A53261,-140,676,-693,978,315
53292,1120,89,5374,-32768
53333,1120,89,5470,-32768
A53341,-168,63,-515,546,639
53373,1120,89,5470,-30208
53415,1120,89,5438,-32768
A53423,-115,-759,-524,929,823
53455,1120,89,5462,-24064
53496,1120,89,5374,-32768
A53504,-64,-804,-709,1074,198
53537,1120,89,5230,-32768
53580,1120,89,5182,-32768
A53586,-71,-505,-729,890,299
53619,1120,89,5150,-32768
53662,1120,89,5046,-32768
53700,1120,89,4910,-32768
A53743,-41,454,-749,877,407
53749,1120,89,4958,-32768
A53825,-57,551,-563,790,211
53831,1120,89,4990,-32768
A53906,-31,-34,-480,482,591
53913,1120,89,5070,-28416
A53981,-17,-634,-602,874,612
54028,1120,89,4734,-32768
A54061,-25,-742,-718,1032,158
54109,1120,89,4350,-32768
A54141,-73,-349,-741,822,396
54154,1120,89,4254,-32768
54191,1120,89,4126,-32768
A54221,-121,231,-721,767,582
54235,1120,6,4054,-32768
54273,1120,6,4046,-32768
A54301,-120,525,-721,900,294
54314,1120,6,4094,-32768
54354,1120,6,4182,-32768
A54381,-127,562,-547,794,178
54395,1120,6,4350,-32768
54436,1120,6,4478,-3584
A54462,-85,-37,-475,484,604
54477,1120,6,4510,5120
54518,1120,6,4446,-11776
A54541,-70,-601,-598,851,577
54559,1120,6,4334,-32768
54600,1120,6,4214,-32768
A54621,-86,-696,-733,1015,166
54641,1120,6,3950,-32768
54681,1120,6,3958,-32768
A54701,-96,-257,-686,739,442
54722,1120,6,3982,-32768
54763,1120,6,3838,-32768
A54781,-102,314,-593,679,578
54804,1120,6,3726,-32768
54845,1120,6,3638,-32768
A54861,-106,532,-637,837,223
54886,1120,6,3562,-32768
54927,1120,6,3518,-32768
A54941,-97,607,-553,827,112
54967,1120,6,3838,-32000
55008,1120,6,3838,-27904
A55021,-47,41,-546,549,568
55049,1120,6,3790,-32768
55090,1120,6,3806,-27904
A55101,-5,-526,-616,810,573
55131,1120,0,3958,14592
55172,1120,0,4078,32767
A55181,36,-733,-623,963,211
55213,1120,0,4014,21760
55253,1120,0,3774,-32768
A55262,31,-885,-588,1063,156
55294,1120,0,3662,-32768
55335,1120,0,3582,-32768
A55344,12,-299,-666,730,591
55376,1120,0,3518,-32768
55417,1120,0,3478,-32768
A55425,0,468,-706,847,768
55458,1120,0,3478,-32768
55501,1120,0,3566,-32768
A55507,0,583,-497,766,238
55540,1120,0,3614,-24064
55583,1120,0,3646,-12800
55622,1120,0,3678,-2816
A55664,71,-644,-521,831,582
55670,1120,0,3646,-10496
A55746,118,-788,-572,981,160
55752,1120,0,3614,-14848
A55827,208,-891,-699,1151,187
55833,1120,0,3582,-18176
A55901,375,-421,-937,1093,553
55948,1120,0,4094,32767
A55986,328,103,-897,960,527
55994,1120,0,3934,32767
56030,1120,0,3926,32767
A56061,-97,300,-480,574,627
56074,1100,95,4094,32767
56112,1100,95,3662,-32768
A56141,-439,70,-28,446,612
56154,1100,95,3990,32767
56193,1100,95,4012,32767
A56221,-586,-340,384,779,600
56234,1100,95,3934,24320
56275,1100,95,4062,32767
A56301,-557,-388,316,749,88
56316,1100,95,4086,32767
56357,1100,95,3414,-32768
A56381,-406,-401,-195,603,532
56398,1100,95,3158,-32768
56439,1100,95,3358,-32768
A56461,-109,-604,-646,891,577
56479,1100,95,3242,-32768
56520,1100,95,3574,-18688
A56541,339,-772,-874,1214,530
56561,1100,95,3726,22784
56602,1100,95,3702,13824
A56621,368,-575,-773,1031,223
56643,1100,95,3534,-30720
56684,1100,95,3350,-32768
A56701,-131,-323,-497,607,623
56725,1100,95,3502,-25600
56766,1100,95,3758,32767
A56781,-777,-265,-225,851,704
56807,1100,95,2686,-32768
56847,1100,95,2670,-32768
A56861,-961,-334,-48,1018,264
56888,1100,95,2926,-32768
56929,1100,95,2762,-32768
A56941,-656,-153,-165,694,373
56970,1100,95,2606,-32768
57011,1100,95,2414,-32768
A57021,-282,7,-542,611,554
57052,1090,92,2270,-32768
57093,1090,92,2598,-32768
A57101,149,-484,-673,842,666
57134,1090,92,2542,-32768
57174,1090,92,2526,-32768
A57182,399,-1359,-641,1554,911
57215,1090,92,2750,-22528
57257,1090,92,2902,19200
A57265,568,-1287,-620,1538,185
57297,1090,92,2894,14848
57340,1090,92,2806,-9472
A57346,469,-453,-726,976,846
57379,1090,92,2730,-27648
57422,1090,92,2730,-24064
57461,1090,92,3150,32767
A57503,-609,-315,83,691,785
57509,1090,92,3614,32767
A57586,-748,-565,343,998,386
57592,1090,92,3102,32767
A57666,-611,-604,232,890,180
57673,1090,92,2942,-12800
A57740,-571,-502,-18,760,273
57787,1090,92,2686,-32768
A57821,-311,-634,-168,726,328
57869,1090,92,2798,-32768
A57900,0,-1121,-514,1234,673
57914,1090,92,2782,-32768
57951,1080,93,2894,-1024
A57980,231,-1236,-744,1461,346
57994,1080,93,3022,32000
58033,1080,93,3146,32767
A58061,126,-607,-772,990,639
58074,1080,93,3006,16640
58114,1080,93,2926,-5888
A58140,-265,-327,-575,712,519
58155,1080,93,2878,-17408
58196,1080,93,3050,28928
A58220,-663,-393,29,772,727
58237,1080,93,3518,32767
58278,1080,93,3390,32767
A58301,-794,-584,344,1044,391
58319,1080,93,3294,32767
58360,1080,93,3454,32767
A58380,-695,-586,222,936,157
58400,1080,93,3518,32767
58441,1080,93,3226,10240
A58461,-629,-534,-13,825,250
58482,1080,93,2494,-32768
58523,1080,93,1790,-32768
A58541,-319,-743,-284,857,462
58564,1080,93,1446,-32768
58605,1080,93,1118,-32768
A58620,20,-1021,-407,1099,455
58646,1080,93,1226,-32768
58687,1080,93,1750,-32768
A58700,151,-1192,-363,1255,220
58768,1080,93,2358,14336
A58781,251,-965,-348,1056,249
58809,1080,93,2522,32767
58850,1080,93,2590,32767
A58860,124,-546,-325,647,438
58891,1080,93,2538,32767
58933,1070,95,2446,15104
A58941,-364,-406,-16,545,595
58973,1070,95,2462,17408
59013,1070,95,2878,32767
A59022,-820,-408,453,1022,654
59055,1070,95,3262,32767
59095,1070,95,2486,-19200
A59103,-939,-650,408,1213,273
59136,1070,95,2590,9984
59180,1070,95,2862,32767
A59185,-775,-675,2,1028,439
59218,1070,95,3110,32767
59261,1070,95,2750,23808
59300,1070,95,1994,-32768
59343,1070,95,1574,-32768
59382,1070,95,1534,-32768
A59424,173,-1044,-480,1162,524
59430,1070,95,1790,-32768
A59506,465,-1492,-505,1642,535
59512,1070,95,2270,9472
A59580,554,-1422,-550,1622,121
59627,1070,95,2838,32767
A59660,282,-886,-328,986,640
59709,1070,95,2638,32767
A59745,-337,-642,114,734,799
59754,1070,95,2398,6400
59790,1070,95,2766,32767
A59820,-834,-588,403,1097,577
59834,1070,95,3230,32767
59872,1070,95,3582,32767
A59900,-843,-702,458,1189,126
59914,1050,92,3198,32767
59954,1050,92,3374,32767
A59980,-684,-605,197,934,321
59994,1050,92,3470,32767
60035,1050,92,3278,32767
60076,1050,92,3182,32767
60117,1050,92,2798,-32768
A60140,-516,-384,-585,869,829
60158,1050,92,2478,-32768
60199,1050,92,2430,-32768
60240,1050,92,2862,8704
60281,1050,92,2902,17920
A60300,181,-1122,-622,1296,1016
60321,1050,92,2982,32767
60362,1050,92,2990,32767
A60380,346,-1305,-574,1467,251
60403,1050,92,3110,32767
60444,1050,92,3318,32767
A60460,317,-1102,-549,1271,207
60485,1050,92,3422,32767
60526,1050,92,3226,32767
A60540,106,-782,-244,826,490
60566,1050,92,3038,0
60607,1050,92,3498,32767
A60620,-392,-515,253,695,753
60648,1050,92,4394,32767
60689,1050,92,3518,32767
A60700,-869,-398,451,1057,529
60730,1050,92,3422,32767
60771,1050,92,3694,32767
A60780,-893,-637,345,1150,262
60812,1030,88,3806,32767
60853,1030,88,3662,32767
A60861,-684,-573,23,893,388
60894,1030,88,3294,-32768
60934,1030,88,2922,-32768
A60943,-466,-261,-404,670,572
60975,1030,88,2238,-32768
61016,1030,88,2686,-32768
A61024,-227,-552,-681,906,468
61057,1030,88,2726,-32768
61101,1030,88,2806,-32768
A61107,17,-1136,-755,1364,637
61139,1030,88,3018,-10752
61182,1030,88,3182,32767
61220,1030,88,3414,32767
A61263,212,-1248,-703,1448,204
61269,1030,88,3534,32767
A61345,-77,-1066,40,1069,818
61351,1030,88,3070,-30208
A61427,-552,-660,585,1040,829
61433,1030,88,3134,-18432
A61500,-710,-448,429,943,306
61548,1030,88,3162,2560
A61585,-770,-558,271,989,202
61593,1030,88,3390,32767
61629,1030,88,3622,32767
A61660,-675,-229,-27,713,454
61673,1030,88,3278,10496
61711,1030,88,2494,-32768
A61740,-413,30,-625,750,703
61753,1030,88,1958,-32768
61793,1030,88,2062,-32768
A61820,-164,-231,-766,817,386
61834,1040,98,2014,-32768
61875,1040,98,1982,-32768
A61900,58,-731,-593,943,574
61915,1040,98,2014,-32768
61956,1040,98,2166,-32768
A61980,152,-1072,-561,1219,355
61997,1040,98,2286,-32768
62038,1040,98,2446,-15104
A62060,121,-1112,-413,1192,156
62079,1040,98,2510,3328
62120,1040,98,2538,10240
A62140,-162,-983,12,997,526
62161,1040,98,2470,-8448
62202,1040,98,2766,32767
A62220,-551,-692,493,1013,684
62242,1040,98,3242,32767
62283,1040,98,2766,32767
A62300,-735,-541,499,1040,239
62324,1040,98,2814,32767
62365,1040,98,3178,32767
A62380,-812,-501,317,1006,201
62406,1040,98,3070,32767
62447,1040,98,2878,28672
A62460,-660,-200,2,690,461
62487,1040,98,2302,-32768
62528,1040,98,1706,-32768
A62540,-344,-66,-573,672,670
62569,1040,98,1364,-32768
62610,1040,98,1374,-32768
A62620,-103,-433,-859,968,524
62651,1040,98,1590,-32768
62692,1040,98,1846,-32768
A62700,90,-948,-908,1316,552
62733,1040,25,2006,-32768
62774,1040,25,2070,-19712
A62782,185,-1164,-820,1435,251
62814,1040,25,2206,17664
62855,1040,25,2042,-26368
A62864,61,-990,-348,1051,518
62896,1040,25,1886,-32768
62939,1040,25,1950,-32768
A62945,-358,-669,102,766,693
62978,1040,25,2262,32767
63021,1040,25,1982,-31232
63060,1040,25,1870,-32768
A63102,-784,-526,292,988,133
63108,1040,25,2062,512
A63184,-618,-357,190,738,258
63190,1040,25,2174,24320
A63266,-455,-108,-302,557,575
63272,1040,25,1166,-32768
A63340,-193,-375,-500,654,422
63387,1040,25,1234,-32768
A63426,100,-914,-502,1047,614
63433,1040,25,1406,-32768
A63499,205,-1465,-528,1571,562
63513,1040,25,1406,-32768
63550,1040,25,1494,-32768
A63580,144,-1459,-445,1532,103
63593,1040,25,1750,20224
63632,1040,25,1834,32767
A63659,-106,-1084,50,1090,669
63673,1040,25,1294,-32768
63714,1040,25,1782,32767
A63739,-561,-467,604,947,946
63754,1040,25,2902,32767
63796,1060,100,1710,-27648
A63820,-765,-232,537,963,318
63837,1060,100,1598,-32768
63877,1060,100,1782,1024
A63899,-726,-456,391,942,270
63918,1060,100,1910,32767
63959,1060,100,1918,31744
A63979,-591,-152,29,611,491
64000,1060,100,1558,-32768
64040,1060,100,1462,-32768
A64060,-372,98,-363,529,514
64081,1060,100,1406,-32768
64122,1060,100,1382,-32768
A64139,-67,-247,-492,555,478
64163,1060,100,1306,-32768
64204,1060,100,1366,-32768
A64219,325,-813,-666,1100,710
64245,1060,100,1502,-19968
64286,1060,100,1642,18432
A64300,512,-1252,-680,1514,478
64327,1060,100,1662,21248
64368,1060,100,1748,32767
A64379,435,-1228,-462,1382,232
64408,1060,100,1642,8704
64449,1060,100,1550,-15872
A64459,-27,-855,-36,856,731
64490,1060,100,1598,-1536
64531,1060,100,2046,32767
A64539,-617,-500,127,804,708
64572,1060,100,1370,-32768
64613,1050,81,1610,-3072
A64622,-766,-411,36,871,195
64654,1050,81,1598,-5632
64695,1050,81,1534,-21248
A64703,-733,-490,113,889,115
64735,1050,81,1674,17408
64779,1050,81,1518,-24576
A64785,-699,-155,-79,720,388
64817,1050,81,1206,-32768
64860,1050,81,932,-32768
64899,1050,81,802,-32768
A64941,-429,188,-654,804,264
64947,1050,81,766,-32768
A65023,-75,-134,-825,839,508
65029,1050,81,682,-32768
A65106,135,-483,-942,1067,423
65112,1050,81,1034,-18176
A65179,-9,-809,-740,1096,410
65226,1050,81,1026,-21504
A65259,-377,-690,-249,825,625
65308,1050,81,890,-32768
A65339,-630,-403,-64,751,425
65353,1050,81,874,-32768
65389,1050,81,810,-32768
A65419,-775,-428,46,886,183
65433,1050,81,938,-20224
65471,1050,81,1066,15104
A65499,-881,-498,281,1050,267
65513,1050,81,1178,32767
65553,1050,81,1290,32767
A65579,-781,-144,11,794,456
65594,1050,81,1178,28672
65635,1050,81,1050,-7680
A65659,-538,81,-455,710,572
65676,1030,74,1018,-14848
65717,1030,74,1130,15872
A65739,-160,-349,-603,715,591
65757,1030,74,1306,32767
65798,1030,74,1558,32767
A65819,223,-1083,-570,1244,829
65839,1030,74,1882,32767
65880,1030,74,2058,32767
A65899,303,-1202,-531,1349,149
65921,1030,74,2330,32767
65962,1030,74,2506,32767
A65979,-1,-888,-131,898,593
66002,1030,74,2458,32767
66044,1030,74,2490,32767
A66059,-552,-567,214,820,724
66084,1030,74,2826,32767
66125,1030,74,2754,32767
A66139,-835,-435,227,968,313
66166,1030,74,2762,32767
66207,1030,74,2762,32767
A66219,-861,-480,281,1025,75
66248,1030,74,2842,32767
A66299,-711,-136,-75,728,517
66329,1030,74,2634,32767
66371,1030,74,2410,21504
A66379,-472,50,-542,720,556
66411,1030,74,2234,-26112
66452,1030,74,2370,12032
A66461,-206,-265,-901,961,547
66493,1030,74,2698,32767
66534,1030,95,3042,32767
A66542,21,-661,-1199,1369,544
66575,1030,95,3330,32767
66618,1030,95,3498,32767
A66624,-5,-743,-1061,1296,162
66656,1030,95,3690,32767
66700,1030,95,3754,32767
66738,1030,95,3722,32767
66782,1030,95,4010,32767
66820,1030,95,4410,32767
A66862,-904,-361,339,1031,257
66868,1030,95,3946,32767
A66944,-865,-465,198,1001,180
66951,1030,95,4122,32767
A67027,-759,-69,-57,764,483
67033,1030,95,4258,32767
A67099,-429,302,-645,831,769
67147,1030,95,3626,-29952
67188,1030,95,3818,23040
67229,1030,95,4186,32767
A67259,-200,161,-1144,1172,567
67272,1030,95,4586,32767
67310,1030,95,4826,32767
67351,1030,95,4890,32767
67392,1030,95,4906,32767
A67419,226,-277,-1190,1242,613
67433,1030,95,4930,32767
67474,1030,71,5018,32767
A67499,-134,-373,-654,765,653
67515,1030,71,5610,32767
67556,1030,71,5386,32767
A67579,-668,-220,-282,758,668
67596,1030,71,5482,32767
67638,1030,71,5594,32767
A67659,-798,-40,-191,822,240
67678,1030,71,5658,32767
67719,1030,71,5770,32767
A67739,-561,140,-120,590,306
67760,1030,71,5690,32767
67801,1030,71,5722,32767
A67819,-399,461,-535,811,549
67842,1030,71,5802,32767
67883,1030,71,5962,32767
A67899,-251,-94,-681,731,593
67923,1030,71,6122,32767
67965,1030,71,6218,32767
A67979,-65,-753,-604,968,690
68005,1030,71,6314,32767
68046,1030,71,6426,32767
A68059,54,-791,-719,1071,170
68087,1030,71,6538,32767
68128,1030,71,6634,32767
A68139,57,-778,-726,1066,15
68169,1030,71,6810,32767
68210,1030,71,6942,32767
A68219,11,-807,-717,1079,55
68250,1030,71,7086,32767
68291,1030,71,7230,32767
A68300,-9,-837,-683,1080,50
68332,1030,71,7350,32767
68373,1000,93,7422,32767
A68382,26,-806,-665,1046,50
68414,1000,93,7518,32767
68458,1000,93,7598,32767
A68464,78,-805,-641,1032,57
68496,1000,93,7534,32767
68539,1000,93,7470,32767
A68545,95,-799,-641,1028,18
68577,1000,93,7486,32767
68621,1000,93,7502,32767
A68702,102,-768,-654,1014,10
68708,1000,93,7534,32767
A68783,91,-768,-652,1011,11
68789,1000,93,7502,32767
A68865,69,-764,-639,998,26
68871,1000,93,7406,32767
A68939,84,-780,-633,1009,23
68986,1000,93,7582,32767
A69023,120,-797,-626,1020,40
69032,1000,93,7662,32767
69068,1000,93,7750,32767
A69099,133,-800,-617,1019,16
69112,1000,93,7790,32767
69150,1000,93,7790,32767
A69179,126,-801,-613,1017,8
69192,1000,93,7790,32767
69231,1000,93,7790,32767
A69259,110,-806,-602,1012,20
69272,1000,93,7790,32767
69313,1000,93,7846,32767
A69339,105,-806,-589,1004,13
69354,1000,71,7902,32767
69395,1000,71,7918,32767
A69418,137,-798,-568,989,39
69436,1000,71,7854,32767
69476,1000,71,7726,3072
A69498,156,-804,-556,989,23
69518,1000,71,7726,2816
69558,1000,71,7710,-1536
A69579,166,-817,-556,1002,17
69599,1000,71,7662,-13568
69640,1000,71,7614,-24064
A69658,208,-827,-549,1014,43
69681,1000,71,7534,-32768
69722,1000,71,7454,-32768
A69738,256,-819,-538,1013,50
69763,1000,71,7470,-32768
69803,1000,71,7534,-23040
A69821,177,-804,-495,961,92
69844,1000,71,7550,-15872
69885,1000,71,7502,-26112
A69899,150,-799,-481,945,30
69926,1000,71,7390,-32768
69967,1000,71,7342,-32768
A69978,184,-790,-512,959,47
70008,1000,71,7326,-32768
70049,1000,71,7278,-32768
A70058,190,-780,-523,958,16
70090,1000,71,7246,-32768
70130,1000,71,7262,-32768
A70140,157,-845,-536,1013,74
70171,1000,71,7286,-32768
70212,1000,71,7262,-32768
A70221,118,-872,-553,1039,50
70253,1000,98,7230,-32768
70294,1000,98,7230,-32768
A70302,145,-806,-546,984,71
70335,1000,98,7230,-31232
70378,1000,98,7166,-32768
A70384,201,-797,-531,978,59
70416,1000,98,7134,-32768
70460,1000,98,7166,-32000
70498,1000,98,7214,-15616
A70541,173,-842,-516,1002,25
70547,1000,98,7166,-25856
A70622,211,-805,-522,983,53
70629,1000,98,7358,25344
A70705,249,-698,-431,857,146
70711,1000,98,7286,2304
A70778,221,-710,-378,834,61
70825,1000,98,7278,-1536
A70858,193,-792,-405,910,91
70907,1000,98,7294,2816
A70938,254,-789,-419,929,63
70952,1000,98,7294,2560
70989,1000,98,7230,-14080
A71018,285,-792,-456,958,49
71070,1000,98,7166,-28672
A71098,187,-822,-487,973,107
71112,1000,98,7166,-25088
71153,1000,98,7134,-29952
A71178,157,-842,-486,985,36
71193,1000,98,7094,-32768
71234,1000,98,7038,-32768
A71258,106,-832,-494,973,53
71275,1000,98,7134,-15616
71316,1000,98,7166,-5376
A71339,52,-807,-511,956,61
71357,1000,91,7166,-4608
71397,1000,91,7166,-3840
A71418,162,-831,-531,999,114
71438,1000,91,7166,-3328
71479,1000,91,7166,-2816
A71498,193,-856,-530,1026,41
71520,1000,91,7166,-2304
71561,1000,91,7166,-1792
A71578,277,-871,-517,1050,85
71603,1000,91,7166,-1536
71643,1000,91,7102,-17664
A71658,349,-896,-517,1092,77
71684,1000,91,7038,-31744
71724,1000,91,7070,-19456
A71738,264,-870,-512,1044,89
71765,1000,91,7102,-8704
71806,1000,91,7070,-15616
A71818,200,-848,-521,1015,68
71847,1000,91,7038,-21760
71888,1000,91,6998,-29184
A71899,240,-834,-531,1018,43
71929,1000,91,6974,-31488
71970,1000,91,6958,-31488
A71978,252,-822,-534,1012,17
72011,1000,91,6958,-27392
72051,1000,91,6974,-19712
A72060,254,-821,-542,1016,8
72093,1000,83,7006,-8960
72133,1000,83,7022,-3584
A72142,261,-828,-548,1026,11
72174,1000,83,7022,-3072
72217,1000,83,7006,-6656
A72223,256,-823,-552,1024,8
72256,1000,83,7006,-5632
72299,1000,83,6974,-13056
72337,1000,83,6942,-19456
72381,1000,83,6910,-25088
72419,1000,83,6910,-21760
A72462,238,-816,-560,1018,19
72468,1000,83,6878,-27136
A72543,264,-817,-568,1030,27
72550,1000,83,6806,-32768
A72625,257,-820,-553,1022,16
72631,1000,83,6750,-32768
{"Record":{"State":"STOP_RECORD","DateTime":"Mon Jun 9 2025 13:12:24 GMT-0400","UNIXTimeStamp":"2025-06-09T17:12:24.295Z","BatteryLife":96,"FreeStorage":2651608,"SamplesWritten":1368}}